"total","has_healthcare","no_healthcare","age_group","percent_nohealth","healthcare"
1467094,1263507,203587,"children",0.138768885974587,0.861231114025414
2090014,1151976,938038,"nineteen_sixtyfour",0.448819003126295,0.551180996873705
445317,425804,19513,"sixtyfive_plus",0.0438182238719833,0.956181776128017
